-0.023693116963555704,-0.06737581147154668,-0.07803857201301886,-0.00287918086094571,0.17085287821008258,0.39271750089036966,0.5678974892071228,0.6111584333971473,0.5005456327522653,0.2908886661141925,0.07657070528521427,-0.0665293522015668,-0.11699835388014444,-0.10304790728633281,-0.07071847432575444,-0.051811457282915405,-0.051134624058879904,-0.05687762606876631,-0.059173024801801026,-0.05733197869595179,-0.054888929921488694,-0.05463877622009575,-0.058154909771702304,-0.06617940805046006,-0.0783677914671767,-0.0935407234999685,-0.11025070933001868,-0.12695783682538986,-0.14200617501091561,-0.15397089982812245,-0.16218731384602186,-0.16666376479166228,-0.16807232902720803,-0.1683098446050343,-0.16980982236434444,-0.1737385694711308,-0.18017301574024486,-0.1900895453876136,-0.2050994735729691,-0.22349011234132696,-0.23587768791810018,-0.22520563656527348,-0.17397424015328025,-0.075893617721486,0.057258821399205295,0.20223157725064383,0.34108235512686513,0.4702241646791692,0.5899383489201561,0.6877533487656771,0.7374054589512834,0.7153936627827161,0.617929319782478,0.46325691119159784,0.27898158123024475,0.08673476889408699,-0.10120232089808195,-0.2711796860545435,-0.39877672986946633,-0.45694815225408014,-0.43625364493753643,-0.35549514404906396,-0.2514207965362829,-0.15660049696037093,-0.08431540564980534,-0.03261041939170701,0.0003652324506167627,0.010224656394382671,-0.004697559525542564,-0.0347800668245869,-0.06329268652552915,-0.07773609475225424,-0.07665872713410583,-0.06764131772968567,-0.05968031713463221,-0.056278061965466086,-0.054919828523446367,-0.052255722703526186,-0.048064941576553326,-0.044427171572020537,-0.04298392108340327,-0.043547617470867384,-0.044419088338888,-0.04330441724498832,-0.038555644490838085,-0.030574588316386264,-0.021931671467588124,-0.01586853927315676,-0.014669902139263452,-0.018398627223807973,-0.0241335846607801,-0.026963738365176432,-0.02287513571302041,-0.011224149534867677,0.005514287645461699,0.023892895544089895,0.04113093773299287,0.05555889504500326,0.06646617829669177,0.07378776925900779,0.07766027351537674,0.07848953107142033,0.07775685571671412,0.07796033898655913,0.08133614477954046,0.08876193660552016,0.09943549678279474,0.11124861232942125,0.12122333321399935,0.12596134618495927,0.12299573030394172,0.11204533887718375,0.09474106775875324,0.07412056795420725,0.05428579909637203,0.03856056172571595,0.027526506365910045,0.019258066951583445,0.010997280525026066,0.0009828616674432133,-0.01065888412487025,-0.022626029512812378,-0.03366084289906333,-0.043036547440983994,-0.050363716924308286,-0.05569261790856858,-0.0599713536154921,-0.06475972908206531,-0.07099062763871872,-0.07767145623315111,-0.08203265200756153,-0.08162968756991236,-0.07654706848607787,-0.0696995729753148,-0.06476356696095015,-0.0633566366016689,-0.06421388418768718,-0.06465928649510017,-0.06223685025600715,-0.05553793337143783,-0.04485365441476252,-0.03222230314698681,-0.020328924666728712,-0.011704868867590753,-0.008226979239673346,-0.009789620097492938,-0.013606766733292761,-0.015123667062074662,-0.010054325266112057,0.0027960770658190717,0.020147652568096617,0.03595717220066417,0.04463280928186548,0.043999592794369866,0.03630478171545342,0.026172007779816948,0.017701246387489086,0.012980956016459523,0.011979406348805663,0.013526841989494331,0.016324558073006364,0.018741898665938627,0
-0.15670007774513312,-0.23998747206715587,-0.3073415271602204,-0.3262039606711295,-0.2957134531110255,-0.24614565439369085,-0.2110987451392244,-0.20212626830046718,-0.20911784698068875,-0.21792251666410017,-0.22291949708414655,-0.22649534186772977,-0.2325644760161403,-0.24180367470352052,-0.25166301363909016,-0.2594919441083086,-0.2648248758738906,-0.26955453072326796,-0.27603384096674977,-0.283600120047173,-0.2871211838339759,-0.280818106872068,-0.2648244185486816,-0.2477811963752694,-0.24211712306902394,-0.2561492012857911,-0.2890306550430024,-0.3304489809689952,-0.36456278418313987,-0.3763625762087523,-0.356911634684432,-0.3053606569870901,-0.22787920893354105,-0.13439388608154546,-0.03504101670454077,0.06207700793155203,0.15208546912855628,0.2340718838652966,0.3111382222787989,0.38878494304762956,0.47093294839099675,0.5556916356023404,0.6343914406580875,0.6951786341679775,0.7309051130218813,0.7498995109341586,0.7815053298356084,0.8614806866443945,0.996903691591396,1.1385868993279993,1.1921752162570212,1.0705190232420851,0.755075157310688,0.32028999894425325,-0.1011309676269771,-0.38974232264803954,-0.4991773441550367,-0.46705159241154415,-0.3760733842247062,-0.297877258828536,-0.2599524597797776,-0.25264206261976474,-0.25647975729549327,-0.2588783630178243,-0.2535174422789277,-0.23604471437305014,-0.20434161311038238,-0.1603569213517039,-0.108524449962185,-0.05165207245366174,0.009370291834975305,0.06994603448699518,0.1169189053229359,0.1314114526125991,0.09948388458791632,0.02365954001551701,-0.07475747072725006,-0.16603938932956006,-0.22822203860234194,-0.2583908197205381,-0.2711803607743384,-0.2860206355773386,-0.31433929327788945,-0.3560570483200967,-0.4045664423761536,-0.45300951277340795,-0.4969714037946007,-0.5353300813852725,-0.5715466240004314,-0.6125760600700105,-0.6632164581176453,-0.719251098140871,-0.7651756883590577,-0.7798307429438617,-0.7471813925388535,-0.6653469703421546,-0.5480933144613293,-0.41741474748585994,-0.2918981297038794,-0.17893361435375582,-0.07602620684793364,0.021144035592549043,0.11234678585169167,0.1935878606583215,0.2622098805031491,0.3196913417134618,0.36957399666571517,0.4143597385815989,0.4549877349922806,0.49113098777826236,0.5201791963958564,0.5364440008732311,0.5321119761384538,0.5000089810318122,0.4376831766017673,0.350749616518465,0.2530284268527927,0.16243998318324615,0.09401040887203369,0.05393752202209122,0.03870206155328788,0.039360431587463184,0.04709569961642843,0.056556333488338745,0.06633881060041175,0.07750785543505573,0.09177410148915366,0.11076162769097514,0.1359384592397982,0.168144798994258,0.20740279216019342,0.25337252115281417,0.305360079017819,0.3618893085785773,0.4209256045103124,0.48082610217375793,0.5411271894071179,0.602805365584683,0.667772956602225,0.7368084147695482,0.8073776146858016,0.8773981659848707,0.957598566508927,1.076016934488234,1.2501118212798445,1.4380178384957572,1.5210358673799413,1.3536911909436984,0.8600945241465192,0.10846386059431053,-0.7000332716213116,-1.3313838215049736,-1.6423246967504443,-1.6433290625816457,-1.4642469567986096,-1.2586044698379313,-1.1175408181766278,-1.044808452828739,-0.9956073840908478,-0.9310690408470612,-0.8386871328908471,-0.7226990111927118,0
-0.07968798904986775,-0.07346456217569977,-0.07114764361766968,-0.07103832569142944,-0.07057259348529878,-0.06814108266229348,-0.06397067997851225,-0.059192142637381415,-0.05482492315377068,-0.05200270492179392,-0.05195363616915844,-0.055370094249405824,-0.06237918575023131,-0.07297427466256182,-0.08662769723374708,-0.10045339261574737,-0.10836580211973319,-0.10445515637476407,-0.08864318104274085,-0.06922328286633676,-0.059407562547806755,-0.06964869770762866,-0.10129336723070019,-0.14610119931009957,-0.19132888598998726,-0.2264090532273933,-0.24629373300511848,-0.2503186897258113,-0.23955315071761304,-0.21509960407765571,-0.1783678011392521,-0.13253725032928398,-0.08253994348745626,-0.032729158148062855,0.015254893277004022,0.062187154255632614,0.10916545953536187,0.15596651457991015,0.20102317426424152,0.24248520889937922,0.27981205879686716,0.3146861094446145,0.3496266587255905,0.3857099424252406,0.421955983010179,0.4578871781572223,0.4979603469692054,0.5493703121690606,0.6096958554927733,0.6572874253936778,0.6579958632198504,0.5886021769014447,0.4620825148986097,0.3290154515598791,0.24435871485791033,0.22368162814101855,0.22705335167454604,0.18711878762147358,0.06110290851690276,-0.13458458690315883,-0.3347880865972287,-0.47201023237468803,-0.520295148914392,-0.5029337094851647,-0.465494266210644,-0.4417284249652101,-0.43628112427222904,-0.43113622576760247,-0.4057995017613222,-0.3537326229277132,-0.2861043965142139,-0.22409098652217121,-0.18487284646502708,-0.17024284725034375,-0.1658136652543168,-0.15086931287876795,-0.11122263742858607,-0.04640001576878366,0.032192170050038285,0.10963532629374104,0.1759206222146797,0.2291690420169282,0.2759186402200982,0.3306895528600686,0.40822429094424584,0.5065645522256785,0.5945429081825746,0.6182324394537194,0.5281315195867107,0.3134778835238859,0.019059108898545,-0.2721309601730866,-0.48136592210977774,-0.5730108352507273,-0.5646338317115069,-0.505683338321115,-0.4433229671012107,-0.399939807088664,-0.37415540316652346,-0.3557695032738257,-0.3371598868867434,-0.3154868054431544,-0.2909694500231419,-0.26497215438769695,-0.23870501685940054,-0.21325292746274216,-0.18983084718404192,-0.16909585810428945,-0.15075657598669062,-0.1342690158736081,-0.11915048677792837,-0.10429921311549276,-0.08829699275849542,-0.07101687329261398,-0.053798919261101995,-0.038025660626655994,-0.024395332162601167,-0.012748804962848581,-0.0017843550502750147,0.010423468221397003,0.025251866006931183,0.043108896177956234,0.06367143457723451,0.08549512442884963,0.10567509928203417,0.12104101775017444,0.1299587792043844,0.13303895055737822,0.13281976584040187,0.13297838000029163,0.13645033537960066,0.14323851238996854,0.1508248820244372,0.15687044474153222,0.16084285289480038,0.16369467515636815,0.16648818060320938,0.16910699707341917,0.17041694888434647,0.16947840187588378,0.16687661604596637,0.16527779261145042,0.1681696364805054,0.177929525289985,0.19476721382995396,0.21686782278139333,0.2417369362312295,0.2676610820919558,0.2941561369636668,0.32113575461207017,0.34746029574814874,0.37058519931277073,0.38745062713980105,0.3956125648802962,0.3947155947732701,0.38695392248376514,0.37433843693561886,0.3541011866388479,0.3165588117723022,0.24932973107753847,0.14686653577187458,0.01804472436453626,0
0.03455649919533625,0.02362965574546494,0.007067321301117074,-0.011503564860284044,-0.028012233055669893,-0.03955338724016942,-0.045955927424123036,-0.049228072787096594,-0.05179813555352889,-0.05527726076341579,-0.06015353412100404,-0.06661626058690857,-0.07523056375132421,-0.08582241263396378,-0.09540270563086978,-0.09729010315042096,-0.08284086043050862,-0.045270926941283735,0.01557281836235228,0.08872526906772589,0.15278901144866738,0.18659709362653973,0.18473515575596358,0.16315593219817814,0.14507892191262567,0.13712913217803538,0.11815091311737694,0.053338193440668646,-0.07467277636360865,-0.242232589295251,-0.39065476202945487,-0.4600575305391439,-0.4263203981897734,-0.31485601868223007,-0.18240669766120857,-0.08157027190352811,-0.0347189282089602,-0.03238094342537415,-0.04904092734508282,-0.05964703197222668,-0.047853127443008556,-0.007863539409359412,0.0563065620942116,0.13334023974013015,0.20971580051128094,0.2772143256492947,0.3383933797328638,0.40304971389443944,0.4753263945132406,0.5410610633535815,0.5675596926292038,0.520844288052852,0.3902468417481786,0.2013512377881433,0.006991867127881517,-0.1392660375447096,-0.2108450963296601,-0.21749606326861037,-0.19157495764358617,-0.1650490451953151,-0.15350235225482556,-0.15497479443919782,-0.1598483069243836,-0.16064157885000768,-0.15539560762423957,-0.14627015469570426,-0.13683134205003672,-0.13016511304253647,-0.12763066588887187,-0.12813221253132867,-0.129590659411219,-0.13123935838667372,-0.1334784384183075,-0.13623905902715902,-0.13809857407358805,-0.13674912328904035,-0.13110764295632832,-0.12339378016888719,-0.11848834951527387,-0.1206026498988702,-0.12950517528669414,-0.13915577168884646,-0.14064164493056897,-0.1273711614780778,-0.09859567251363083,-0.05947645654483946,-0.017778549991226418,0.020550521779526706,0.05363240742614252,0.08298594236134367,0.11135259922579388,0.14055679756562833,0.17037537443328296,0.19874043829501342,0.2229381266803631,0.24033220670959532,0.24826965777935958,0.24519644017596234,0.23260155406673838,0.21613584044885714,0.20729066609494284,0.22343282197124095,0.2790565893040471,0.3695694165326995,0.46190314820473405,0.5048019678610145,0.45623642432060163,0.3110535099548286,0.10903547501913806,-0.08448562902593082,-0.2134854078225299,-0.25874563954669516,-0.24084322408228342,-0.19924534606871902,-0.1653088547922238,-0.1484623743991895,-0.1414742216435504,-0.1347620928831677,-0.12472301312005105,-0.1125024188291348,-0.10038456946605667,-0.09025402873287132,-0.08319081811041748,-0.07913329155211922,-0.07682180063790016,-0.07428621966521028,-0.06946330133590853,-0.06054323236894795,-0.046631505160473506,-0.02903287920678456,-0.011706075845563251,0.0007449943609030632,0.0061659531172530285,0.005940507210722593,0.003816080180916493,0.004012649578205858,0.009055076403039906,0.01832639300695946,0.02882826981021149,0.03722792227153799,0.041194010070223615,0.039933870992594975,0.03462486996762293,0.027980464868746578,0.022443171921127637,0.018592526842997555,0.015051429455881189,0.009493392280689938,-0.0001893145100075634,-0.015104038067091718,-0.03491045499383288,-0.0579238361689894,-0.08172465980441301,-0.10384544737636162,-0.12273811557168002,-0.13845652412514414,-0.1522887117965549,-0.16617469289930797,-0.18244661099371867,-0.20345603050371444,-0.230623527520421,-0.2625488041485205,0
-0.4539810059936975,-0.3611778017970698,-0.23259797040274743,-0.10655104971446037,-0.013296752466896742,0.03572502131321462,0.047679838235360913,0.03905299232251348,0.025113992618711202,0.014578316650170946,0.009923887250563552,0.010135614820777166,0.0126754652735113,0.014685183027646594,0.014312778519294325,0.010859652970544934,0.004174547660789514,-0.005291392830582477,-0.016565349943429387,-0.02847278966541044,-0.03986725042682707,-0.04988343146952305,-0.057731487991924714,-0.06264013983531469,-0.06477346376373214,-0.06626700558251969,-0.07083659788954504,-0.08130765384798842,-0.09672594209065455,-0.11166577570062694,-0.11799950118480144,-0.10791365403235892,-0.07803357383155395,-0.03322855435126823,0.013821284626266276,0.04837090352687547,0.06040576677175538,0.04792742320333182,0.01651331197057509,-0.02241690764211292,-0.05421132524021404,-0.06517053456845424,-0.046964478938609326,0.00038161748226533607,0.06929021085160676,0.15148963287566433,0.244955149113242,0.3497715927223817,0.45431390064045407,0.5280172072763488,0.5342269494621851,0.45909653880421686,0.33235560714860024,0.2150096403737048,0.15766611868927913,0.16285940701735813,0.18429779753080797,0.16481563684947637,0.08132473774968257,-0.039631400702434594,-0.1461620559240273,-0.20269398724689214,-0.21213965396097742,-0.20094908206307327,-0.18671701043546698,-0.16147173259840578,-0.10409224390885174,-0.008720967856643905,0.09827031436962157,0.1705443026001445,0.1732047291331878,0.10649266280893903,0.004684151353170513,-0.08594457996354109,-0.1335790626183996,-0.13491649622333313,-0.10947433352855757,-0.08120723744457325,-0.06259561797591011,-0.05169782492078059,-0.04055694968557169,-0.025005267680058556,-0.007773796014461088,0.00512418362819469,0.009365049671641755,0.004694382569439664,-0.005458980283857922,-0.016337771440716797,-0.02468265334176769,-0.02964311910228136,-0.032166279782579986,-0.03455430349456041,-0.039148706755980776,-0.046400634778144836,-0.05530241127405645,-0.06547848567488235,-0.07767190734264312,-0.09273267676961916,-0.11059731346108512,-0.13004896844358338,-0.14964631097613054,-0.16872912115406674,-0.1876894390292109,-0.2072470008166834,-0.22634262105157402,-0.24033708915895474,-0.2423104955744658,-0.22755871471399475,-0.19740723767051643,-0.15860690220306106,-0.11931291880947661,-0.08517621267205489,-0.057600207153767014,-0.03432971761910928,-0.011860981431642138,0.011408563905151263,0.03371070552803803,0.05175486954792237,0.06371820723136093,0.0698798312617984,0.07127619160361466,0.0691141535746389,0.06500162698924547,0.06082323544183028,0.05837681863802395,0.05869444299437459,0.061482251554568323,0.065752804117749,0.07047679952811461,0.07419347946134354,0.07534628569262113,0.0734427120259123,0.06878671401264089,0.06148859175289456,0.05201554371196031,0.042015839482769074,0.033743900261442666,0.029137532885181592,0.02896870402516711,0.03241743589772953,0.03786373653363746,0.04386625638642671,0.04991167845362413,0.056990856021999915,0.06667418584235905,0.0791276320657056,0.09230262764046981,0.10295992081598453,0.10818982404760683,0.10649923282166557,0.09851478760007794,0.08642919620901716,0.07228787642023794,0.057011630287808424,0.04093320628034904,0.02522709845337378,0.012537456237625214,0.0056418274570133806,0.005354595875258782,0.009520796191388587,0.01442046732709858,0.01747867862342973,0
-0.04282596757419888,-0.049763222746321875,-0.05904731293954972,-0.06891911726776716,-0.07778012608768134,-0.084416118570037,-0.08826405440400306,-0.08965361397353769,-0.08939387928652726,-0.08838981416044148,-0.0876406782331344,-0.08784583697878845,-0.08865330054850275,-0.08850607727569577,-0.08557509075423939,-0.0789775110988369,-0.06908983741617034,-0.057279096410191896,-0.04546512501209931,-0.034957973355189666,-0.025470005317652047,-0.015516211248408462,-0.0034098603701150747,0.012150677677635629,0.032089179472065556,0.05718002890225432,0.08798378285424915,0.12455734311660166,0.1660977927799763,0.2110757970277209,0.2582513046422149,0.3075991251463126,0.3602802102690398,0.4178849817779076,0.4815303276718509,0.551317344910361,0.626487058399579,0.7059303423825988,0.7886749753007256,0.8745422771552221,0.9646797890519058,1.0609284854596317,1.162534308272591,1.2615853423393286,1.3459281827019165,1.4212020218299033,1.5381853176999267,1.7725277097536574,2.137251312173746,2.499948074395302,2.598689728673385,2.1806482187011085,1.1860384546810099,-0.1624615772064226,-1.4535309777549974,-2.312542693678522,-2.600748996464775,-2.4515248818427784,-2.1353897515069993,-1.871456356227565,-1.7253331193401327,-1.6457487835026563,-1.5688501976882585,-1.4769915317014322,-1.3827384741989466,-1.2946375182506547,-1.2091062996667221,-1.1237964474566222,-1.0483334617925422,-0.9974739470919604,-0.9734385521224952,-0.9567265954009003,-0.9153548310186902,-0.8252693160747493,-0.6857726120540231,-0.5174957624796042,-0.34572878583949673,-0.18532621075480116,-0.03884889455039309,0.0966810525544261,0.22473648661683265,0.34801010924171055,0.4677721814015219,0.5828861136149462,0.6898091187109168,0.786292510597422,0.8807544362346602,0.9989244751720185,1.1679698797467066,1.377234849676542,1.552297687075133,1.5785922865692479,1.3684216214989753,0.9277066652048935,0.3745744722646162,-0.11052027057603042,-0.379049742271903,-0.3926410745781645,-0.2323252737805278,-0.0385272646586389,0.07234552221680587,0.061571821957082315,-0.03539709535181587,-0.1523733703095072,-0.2355870174576652,-0.2651466409009319,-0.2539852070758753,-0.2298312351418519,-0.2137211254655943,-0.210266308138165,-0.21331489164492365,-0.21686438087416898,-0.21772640305721874,-0.2093766492312818,-0.18015183552337088,-0.12284400290861167,-0.04685949993752805,0.020205096750747633,0.04630723110765647,0.016510423169526882,-0.05286151044323328,-0.11875816730147123,-0.13326150503772108,-0.0709450500108863,0.05388686053799579,0.19155577663218237,0.2819049276503635,0.28568427797060586,0.20362128270309476,0.07271871813584538,-0.05562566056744113,-0.14231841125886746,-0.1773267828143223,-0.17736307641910798,-0.16854866345503244,-0.16847343371310597,-0.17977311667058507,-0.19606919085743768,-0.21146320539361407,-0.22456428715686277,-0.23665047408721962,-0.24942993274922956,-0.26481473993079463,-0.28499782643811994,-0.3114406188242422,-0.343178467020865,-0.37530568464070824,-0.3987644480728042,-0.4030625673669223,-0.38149169510464986,-0.3348454762895523,-0.27065969536601053,-0.19938121446906712,-0.12980809396615323,-0.06568428177391625,-0.005764550255353121,0.0530284217938254,0.1126212413757397,0.17301137036999034,0.23305167752213318,0.29103008426029336,0.3449369235262045,0
0.037429490648632595,0.03937551822779131,0.03791906463510867,0.03551473000093688,0.035766957418052636,0.040029961674401024,0.04621746102677493,0.04993631473699272,0.04705972377522858,0.0370314215107773,0.023856835868338498,0.013020825229714877,0.007840369085699616,0.008457468287690685,0.012631236220645567,0.017162309703125257,0.01950045007736586,0.018424233643992923,0.013688976930788086,0.006069375797031452,-0.00133818342724944,-0.0013284483337484272,0.016986549715168924,0.06307345286299168,0.13705524704550434,0.2244064646834198,0.2975140146322696,0.3245250047667957,0.28155279943459227,0.16195990377579103,-0.021194770017680845,-0.23882187024237927,-0.452622366249092,-0.6233077050904834,-0.7194806982651698,-0.7252796149586024,-0.6448853410808816,-0.5026465999992842,-0.33670278660635683,-0.18586739425325982,-0.07524474864466874,-0.009001532040494253,0.02599463639051528,0.05012363162332495,0.08301271592104568,0.14124685628369632,0.23545757166064596,0.3611584744865549,0.4903743713882089,0.5766726429149509,0.5768693127305344,0.47777025094173087,0.3091487904891886,0.13123004500635246,0.002235683366871909,-0.052442706933515826,-0.04790246615274476,-0.02148805102842237,-0.005273522641322227,-0.009500125799562081,-0.02572746237819127,-0.041103771817152246,-0.048622569150760346,-0.048311136921395506,-0.043690709078786596,-0.03811736444003822,-0.03344267949540307,-0.03050710951439523,-0.029338764995148703,-0.02899020818805359,-0.028225848923077806,-0.0263491751902628,-0.02274751861237971,-0.016375723437402873,-0.006847316544739562,0.004399171890468278,0.014558735647004255,0.020829951426756366,0.021692936435781005,0.017713156253535107,0.011420966223316509,0.005942461124431381,0.0032814993550688487,0.003584652397007974,0.005415146409666016,0.006454852959999414,0.004690698783513162,3.959489178229471e-05,-0.005179592186426104,-0.007868714726555766,-0.006314590101981344,-0.0015197984713146012,0.002986883625834292,0.003286846971005185,-0.0025307760507421733,-0.014070099577427804,-0.029612967982628552,-0.046366799941483475,-0.0610482690267026,-0.07174918090377336,-0.07878122860648624,-0.08311536112941681,-0.0847149512581471,-0.08310360734877374,-0.07852145825296987,-0.07157284639182993,-0.06291252460107213,-0.053855236005601576,-0.04608193682868389,-0.04009575719154949,-0.03446144556558606,-0.02687882323732675,-0.015676967148148653,-0.0007782766698207592,0.015717267790498063,0.030405572004627582,0.040885292957546664,0.046917036118045985,0.04955577888409308,0.050204164255918206,0.05046696192519454,0.051651664605852014,0.05386532021166093,0.05614922651466258,0.05733610257273737,0.05621209457569861,0.05176151084229508,0.04425462725442419,0.03558796862590519,0.028042079222718647,0.022804064148972156,0.019739717320383838,0.018232488592744702,0.017836823126099507,0.018523116831598165,0.02046949230522954,0.02316981394199781,0.025099963652347908,0.02466022253566689,0.021286757305186317,0.016075547856788892,0.01162291994584369,0.01043072260835775,0.012930587649303004,0.017300170876261997,0.021051989254982847,0.02251758418588664,0.021080573912246204,0.01662621464980636,0.009352693315457551,0.000338567759542243,-0.008144696709886599,-0.013746845433192894,-0.015530835671505948,-0.013972427401948305,-0.010039884096008343,-0.00467075412586296,0.0013295454196313172,0.006857432742461226,0.009829297810883066,0.007844949382396812,0.00034577627717698525,0
-0.11872181033616103,-0.13594120328780346,-0.15250928510568543,-0.16932713767571406,-0.18767098062416934,-0.20794893588340296,-0.22984969106175104,-0.25350122081300364,-0.2802542253446778,-0.3124095534318935,-0.35085144710289046,-0.39189297472634377,-0.4274171344113167,-0.448544959921938,-0.44922609900795113,-0.4280424890713561,-0.3884480579126036,-0.3378369855015617,-0.28514173044858193,-0.2368615911379673,-0.19477506191696184,-0.15765205678538283,-0.12383753728829683,-0.09203135912899912,-0.060901537507410695,-0.0289004203987075,0.005060605296604542,0.041097361866508794,0.07858059680516044,0.11640576383185226,0.15330166898782666,0.18841451671666787,0.22184330824096937,0.25466050552527436,0.28847535512746697,0.3250160703132951,0.36577495690546624,0.4114642974712625,0.4616250988213232,0.5148117795011007,0.5689909124711727,0.6221471238973084,0.6732914531939638,0.7230126212376661,0.773011945909394,0.8261443966824071,0.889067964195044,0.9740354519922026,1.090302441559914,1.2243027533568411,1.3247569064455371,1.3118341291181363,1.1148898679529784,0.720397968248381,0.19581609246613207,-0.3334908610684624,-0.7429910496273961,-0.966104992830038,-1.014956295071154,-0.9567522250810115,-0.8671375961290059,-0.792396813110877,-0.7414136516419878,-0.7033398268862466,-0.6673017334454954,-0.6288162826849225,-0.5876643181841792,-0.545110262497036,-0.5023328887130859,-0.46003097638707663,-0.4184279833712228,-0.37721655674887417,-0.335827586433294,-0.29386625941853917,-0.25177933791922996,-0.21122660766951307,-0.174036346410519,-0.14077426468215226,-0.11061397186092847,-0.08222088201873584,-0.05445972022110734,-0.026787994956783773,0.00027145365356372186,0.02529500861521977,0.04700066909715328,0.06485515172180187,0.07872139380584436,0.08842416052529037,0.09405750245049685,0.09654927985898777,0.09724695515523721,0.09708369061739122,0.096695376489038,0.0969042545578222,0.09802523362028082,0.0985326639011668,0.09574295491909145,0.08832548811591012,0.07770641216730814,0.06752206732121235,0.0614824872983429,0.060681864353277784,0.06293948244817088,0.06469024841316592,0.06284254517579144,0.05536900488240875,0.042131259500884956,0.025878317870284457,0.010985794756337257,0.0004027200458699091,-0.00578326850052696,-0.009316025501925677,-0.012095549690005722,-0.01487337272086732,-0.01664490215593078,-0.015176689671156493,-0.008706214700485918,0.0019701392956597936,0.013050769661547095,0.01976586880936771,0.019298846257958798,0.012576920808144595,0.003504237791323018,-0.0034771974864234462,-0.005580841741609966,-0.0029013967526083716,0.002183736491281321,0.006924421970622199,0.009631796852070482,0.010548470147308482,0.011951349969112277,0.01644458026591182,0.024668611237587363,0.03480646514138621,0.043888923015559446,0.04935789458420976,0.04996706718288441,0.04568802281611778,0.03729073887692768,0.02665302059145866,0.01665613830469043,0.009680106820286437,0.006741872266412211,0.007868883075432279,0.012069237104577756,0.017402079379037413,0.022224061995911218,0.026338067129686487,0.03037316912358585,0.03442533774274187,0.03799460513488782,0.04058194554621848,0.042036919127331124,0.04306985701754364,0.04503974185648006,0.04854119952763462,0.052675238477016044,0.055836260004576074,0.05651456725438426,0.05379407724837011,0.04793309614906314,0.04031161451414811,0
0.084117108291048,0.07141158173327251,0.06100484846632995,0.05129898715516499,0.03900195496205283,0.023467088557230224,0.006280602174172551,-0.010697843079625048,-0.025562811289110574,-0.03612840470712793,-0.04111760067308575,-0.04141776708598412,-0.040500676383441916,-0.04402782878731035,-0.05728882126795898,-0.08153586587532113,-0.11269728585981323,-0.14330153362047895,-0.1664937795121643,-0.1796993445930368,-0.18484250034247707,-0.18600480989010867,-0.1874696737765003,-0.19253972584889953,-0.20278731174764533,-0.2180338207156715,-0.2363238504539318,-0.2530146961315968,-0.26057625102473164,-0.2513178789735301,-0.2215839253872231,-0.17349833583938887,-0.113077803245036,-0.04727308461773852,0.018188601788793668,0.08026851257538417,0.13872833035046853,0.19485101434532925,0.25024798357122924,0.3060961864352122,0.3631215284487059,0.42250560875372134,0.48549772873730695,0.5507375335021666,0.6128808189595851,0.6674578117582501,0.7217293627728057,0.7997036826506493,0.9245501642376031,1.0831837601440895,1.2065776953146425,1.1939702074457532,0.973475652496639,0.5593423972385931,0.060468319827495336,-0.37357416087006073,-0.6330823940850201,-0.6985689895083307,-0.6316006570252539,-0.5227941669309522,-0.43826148684406274,-0.39727789316183676,-0.38682954123117447,-0.3892070972591193,-0.39396164119572397,-0.3942040816964961,-0.3838844341805098,-0.3602730714868359,-0.3262996916825764,-0.2891660579231706,-0.2561914184048739,-0.23152700653553376,-0.21511631210378046,-0.2033706725714624,-0.19150103195081247,-0.17632019766675452,-0.15772835303266888,-0.13795489744498785,-0.1191186859905458,-0.10179659752262216,-0.08578046790891539,-0.07116488354317752,-0.05833042736938959,-0.04718088685708914,-0.03688143503333487,-0.02652873153644042,-0.01579593257093593,-0.00473577844912286,0.006526972949359368,0.01748342619156886,0.027457507516257036,0.036503990962060605,0.045079452988883585,0.05283300766837888,0.05875713072450275,0.06214255259640107,0.06292825401945581,0.06230564676159491,0.06303940589193031,0.06768461619910188,0.07627086871591576,0.08599294715353861,0.09274059669209009,0.09334940561742554,0.08727742390068065,0.07650719686984615,0.0642231260251286,0.05357525589520901,0.04673576360115491,0.044171581957113015,0.04494404821589564,0.04795330771490535,0.05221877639772303,0.056187955671983994,0.05801889946292309,0.056545475957480676,0.05181283426254978,0.0454923095999459,0.04163815944556636,0.04767450330027125,0.07324539948814435,0.12388465295594525,0.1922993419300352,0.255637621159191,0.2838026236690762,0.2536540878512016,0.15856180743317913,0.008841818456638298,-0.1733942249321221,-0.3593110822048404,-0.5161492100933918,-0.6112780620945537,-0.6210569747814219,-0.5417867003607638,-0.39537460102787725,-0.22371373114706053,-0.07225838110632447,0.029048769328303407,0.0760691469232822,0.08564198545755905,0.08035723967589248,0.07522765187621695,0.074423144271832,0.07556250799631889,0.07475250602929447,0.06962506400172655,0.06096448662512069,0.05255963215067484,0.04872465080347379,0.051190738099124077,0.05793872440190908,0.06452599321378076,0.06674945461815143,0.06293815132595575,0.054188478741365245,0.04308488425266001,0.032651210738652146,0.025520068715749543,0.023343907402448096,0.0268517717695875,0.03527402115383844,0.04511412143007592,0
-0.0027248164441525764,-0.011848940713650623,-0.02089340099201665,-0.026837460858849888,-0.028744390607532647,-0.027555387470282983,-0.024999016836520643,-0.022849760242611178,-0.022546542762454214,-0.024687170102423064,-0.028627694825148837,-0.032684213404034754,-0.03476967989658789,-0.03352146262429428,-0.02957118011811189,-0.025212320623273894,-0.02230144092270056,-0.021082165720043657,-0.021255699817534317,-0.023125827447091504,-0.026959578203681195,-0.03181941088550451,-0.035793849424643635,-0.03738278575806173,-0.036551479467847196,-0.034687703729601685,-0.03355158489965983,-0.03413158418748758,-0.036313142748899345,-0.03907803936644939,-0.0411713720499816,-0.04212603671539762,-0.04248231937756025,-0.043186940297689144,-0.04494798826789423,-0.04768002105419481,-0.050471268643350546,-0.05220782123257508,-0.0525916889732391,-0.05317224037180792,-0.056604690019592244,-0.06333619434499049,-0.06861339610661227,-0.06245713542276464,-0.03184319289151302,0.03554856481641037,0.14533369374206553,0.289686944353063,0.4426869686022336,0.5617541191233679,0.6015957834796302,0.5385941683443283,0.3888650371698841,0.2038742371470396,0.0441616925059242,-0.052076924754982455,-0.0847395269992513,-0.08136618251134795,-0.06957254442122389,-0.05587390224257695,-0.027458687246015315,0.02832732613448305,0.10507241215985601,0.174222962525153,0.20015835941651025,0.16017697376058435,0.053693063115252154,-0.10161854198901069,-0.27868954680685404,-0.4476587335384574,-0.5784858688123156,-0.6440785500543684,-0.628144347712507,-0.5341303714656379,-0.3876304354777065,-0.22831511201326135,-0.09418348377136829,-0.006712738387421299,0.03425748310363453,0.04363431558886681,0.03873281451109323,0.031143209370723686,0.026141176836628817,0.025192643242648152,0.027536667452753072,0.03127689867990005,0.03462251074767459,0.036562517285339796,0.03673090897265861,0.03486740746871546,0.030687465671830744,0.02432155277935714,0.01686616594474262,0.010791725014837095,0.00899536451185336,0.012594975607478291,0.020363898565147146,0.03019086401126185,0.039912043089574974,0.04760410338053031,0.052654047105533536,0.056053439559874865,0.05910872645850193,0.062496889582268705,0.06665871810421675,0.07248214623834087,0.08077028993434864,0.09066987767701959,0.09961570734911833,0.10528640953588808,0.10700908374258902,0.1058257656400252,0.10377452370708462,0.1024877054067429,0.10186175422002913,0.0996385329724997,0.09255468835247002,0.07896425370671205,0.06076503989124527,0.042592224253123395,0.029092262772357404,0.022292382154681954,0.0204286034362578,0.0192375497437179,0.015110810846592094,0.007444051724688917,-0.0016338241514751196,-0.009369096768234813,-0.01443198594077287,-0.017621008324347265,-0.021151179910612914,-0.02707192791318922,-0.03551763103353584,-0.04448595858664388,-0.05172712923754515,-0.05636055669287688,-0.058570102933415066,-0.0587402136650926,-0.05778951549898473,-0.057691448145067034,-0.06004588359808449,-0.0636240234748642,-0.06363338804001355,-0.054114650843433074,-0.032642277431052164,-0.003743629102880533,0.022395110606987796,0.03534388825692897,0.03043310466188412,0.011553829555234832,-0.011322579685520778,-0.02846508028043173,-0.03563644070171567,-0.034193612770553876,-0.027919728498607403,-0.02053762746628398,-0.01450462792123296,-0.010829661995352778,-0.009586191815375785,-0.01037613425409098,-0.01260739011163434,-0.015424565066416906,0
0.12266874919189202,0.2048780114690864,0.2835194826661066,0.33178745676634375,0.32761587284057225,0.2610688505928191,0.13562244365667783,-0.034779742588420794,-0.22807811358862656,-0.41439152884772745,-0.5580163009505228,-0.6258096498217501,-0.6008502152760765,-0.4929683780745378,-0.33774389082226725,-0.1824679560030456,-0.06582498710857157,-0.003111182381868617,0.014384789545465237,0.0076227499247779815,-0.004709516632830937,-0.014298474265206917,-0.021824513755295913,-0.030356226052898082,-0.04044878435111549,-0.04990055462511398,-0.056355710998775885,-0.0597305362661465,-0.06242564489244837,-0.06710322214895012,-0.0740381860086064,-0.08113553086526015,-0.08703702553407479,-0.09351302632436354,-0.10394160474290651,-0.11907456950562473,-0.13377093573086105,-0.13808504705707494,-0.12276488959434331,-0.08449793033927784,-0.02692816088941892,0.041846170752102396,0.11296375012253343,0.17980946354173766,0.23949791697942552,0.29458530220726525,0.35532570779526196,0.4354817311873716,0.5373651054483943,0.6376183125784418,0.6903523780384583,0.6509426761202509,0.506522180342318,0.29039604418115966,0.06695086204320043,-0.10313464279744151,-0.192387297162358,-0.21128848105125414,-0.18883214155994338,-0.14804137892978075,-0.0954806819979312,-0.026924112623354084,0.06215660784002067,0.17069306497308018,0.28956549452395214,0.3986334787542985,0.4673340994944193,0.46560454168272275,0.381589923744014,0.23342381163390166,0.06482275076576959,-0.07535987431942154,-0.15747726721192773,-0.18255864871923688,-0.17391732414420513,-0.15796308379807583,-0.14961769775388323,-0.15029384489447128,-0.15479455494846506,-0.15849053334815366,-0.15978514325933144,-0.15892413845605372,-0.15639174341488807,-0.15250895819790666,-0.14804028539321692,-0.14471380941698506,-0.14441575983994168,-0.14778335014901492,-0.15437219635306643,-0.16374558792075178,-0.17551155690717055,-0.1890782349623209,-0.20413080664264613,-0.22128078019787656,-0.24216618114176705,-0.2683601339790783,-0.2990982611743975,-0.32929410717456453,-0.3503381945725015,-0.35405665957381594,-0.33681759992530313,-0.30141652775312205,-0.25597536492213013,-0.20993470020371266,-0.16984007865572603,-0.13769576141791806,-0.11192917097960767,-0.08998175281759979,-0.07053132273952832,-0.053360639711839755,-0.038088827292398014,-0.02396255964981664,-0.010385174628741,0.0028891254652169823,0.015816705747040333,0.028088149308788515,0.03935931472251243,0.049629597225246694,0.05907826626538269,0.06775137588595345,0.07587707252835679,0.084046623645748,0.09286040300796726,0.10267427961214935,0.1134265531166832,0.12432308031150918,0.13402526063685258,0.1416030915363618,0.1469916790718775,0.15060155671497658,0.15331164295223232,0.15681529119805127,0.16307631024787397,0.17284527220887383,0.1848415382020917,0.19692682322844202,0.20809409469233134,0.2185189814824097,0.2278234003325762,0.23486163898216222,0.23994594802263894,0.24681564817526738,0.26153017051624566,0.28733834683657195,0.318907552120332,0.34271845191842737,0.3448841352502836,0.3189469565015003,0.266859394498113,0.19409355781457371,0.10532873648006985,0.005729425516095579,-0.09383845218943992,-0.17416288698290255,-0.213571118511065,-0.20120830150284302,-0.1480712010975528,-0.08701512585112542,-0.05975404894720256,-0.09586568420434602,-0.19649690237145181,-0.33400022919066796,0
-0.07049083506433028,-0.06015715650631369,-0.052086579010284226,-0.04521862551800865,-0.038275777277124945,-0.030550735831027825,-0.022326585738849568,-0.014308398868908986,-0.007495811666443572,-0.003175905241357739,-0.002071824085235402,-0.003723640777700314,-0.006825301228699919,-0.00954654967877299,-0.009801706443522795,-0.006377470826608531,0.0002847421147083619,0.008898686021580154,0.018314726744090494,0.027965025808862898,0.037967780678522016,0.04848849654475669,0.0597207009126013,0.07304423706706321,0.09094435051651595,0.11527856291646485,0.14609567059297623,0.18206676300076968,0.22166271597154852,0.26359349822164163,0.3067171079968765,0.3503303028818926,0.39451721783225674,0.4404309150611476,0.49013249060626923,0.5453158523278192,0.6060344817968609,0.6711283940066142,0.7397102122504028,0.8117799212513486,0.8880858482304591,0.9696939163429117,1.0556956614221957,1.1395596716298537,1.211049367979436,1.2741703450137047,1.370923025198201,1.5659551925077169,1.8734734972469003,2.185884495313502,2.28453224848836,1.9536034333706715,1.1335434526694743,-1.0491229937598101e-05,-1.1067820320064894,-1.8648086599356062,-2.139432323194042,-2.0245266439721394,-1.7423839173065727,-1.4896892239910797,-1.3421138116025944,-1.2690752619539418,-1.2130062913317925,-1.1454796001709435,-1.068040299050904,-0.9903666811944639,-0.9174637209287017,-0.8495562305195069,-0.7857665738497138,-0.7252841758139031,-0.6670411100447741,-0.6104617341635459,-0.5563913029196813,-0.5072406610286434,-0.46693101498492934,-0.4397745369423676,-0.4275922399374289,-0.4272477845627445,-0.43084152314359564,-0.4283199306086318,-0.4112837064731406,-0.3764232041790119,-0.32616684515313366,-0.2659609887540815,-0.20108604055799492,-0.1354726500599357,-0.0719089259977709,-0.012670574167696458,0.039986821388849736,0.0845691008824705,0.12144452601704747,0.15225280041489825,0.17852856354265018,0.20128127514318658,0.2213137789077808,0.23958220739347597,0.25668420746221,0.27182738420164715,0.2833529592348309,0.29032917033059796,0.29287772227165887,0.29171245075665625,0.28803825338596484,0.2830059216642329,0.27714245375447377,0.2708021299486318,0.2644722466826942,0.2582137767582265,0.2513148557881801,0.24265972895808302,0.23122859142173302,0.21666365855571995,0.20010185994998542,0.1840280980500351,0.1705603000077984,0.16020274750338198,0.15213402500337075,0.14493307409384326,0.1373393033570591,0.12857158750909875,0.11795791114177354,0.1051568763645683,0.09085416696232979,0.07669783788325225,0.06444122497926495,0.05509496317477465,0.04869300403363834,0.04426454725591179,0.03997974451262675,0.0338987305707045,0.024952875284751146,0.013700911975429025,0.002218211471375388,-0.0072094627537475295,-0.013515671681000228,-0.01703180144891843,-0.018495127519377576,-0.018544750125092005,-0.018111887059166276,-0.018207210561512886,-0.01936765318637252,-0.02180375962062784,-0.02520721072634808,-0.028125169238131964,-0.02870855848936698,-0.026399907595624356,-0.02215494552653865,-0.017408685522988847,-0.013474569667109255,-0.011231142230081835,-0.010823218569511819,-0.011824915989655689,-0.013465614269019308,-0.014377433237780485,-0.012979562064758324,-0.008853236132300532,-0.003119527658737891,0.002393163434746215,0.006024583653522118,0.007184552158533319,0.006430835326765142,0.0045666982603321665,0
0.07339210370810305,-0.10537273041918148,-0.2859475347773218,-0.43322808686924474,-0.5215324456177692,-0.5395200493821829,-0.4906785694240088,-0.3919018470188955,-0.269484480045187,-0.15133894096409203,-0.058264285633794544,0.0014087117219111836,0.03114832986945424,0.040851937836728164,0.04065270150677527,0.03719169884039786,0.03346582662536707,0.030517519991722208,0.028645105555301226,0.02762741378561077,0.026830929899236217,0.02553121489655239,0.023193690621283593,0.01965850944321779,0.014962041658094605,0.009348547169808296,0.00398962297223061,0.0007181422874345846,0.0002049515670273002,0.0012788299841712987,0.0026625328424284157,0.004575225565109545,0.00798301568901354,0.013089175303596778,0.01930143408957843,0.025901686812782404,0.03214056412955949,0.0373940012601837,0.0414799596420018,0.04379766334414167,0.04212237289744263,0.033521321712376664,0.0175689382102269,6.137180219019508e-05,-0.004227741436763773,0.027610138863800385,0.1161997138451021,0.2604723756650218,0.42461488166259675,0.5471251288227471,0.5708062052298122,0.4756171532517265,0.2924634991051917,0.0879448762385537,-0.07117324294638376,-0.1512552576175619,-0.16163476966423107,-0.13787420432999348,-0.11435886352918605,-0.10629779290775768,-0.11028242401080862,-0.11670036853178345,-0.1198051436195579,-0.11880142409789549,-0.11492351512847349,-0.10985537707183003,-0.10530836324774392,-0.10249539029777863,-0.1013449961424919,-0.10044140848252858,-0.09845470452927448,-0.09526364444835474,-0.09117743137705189,-0.08591776954257946,-0.07908266499347291,-0.07101569221051628,-0.06274058880722105,-0.055507789037346225,-0.05030821473301105,-0.046839668528845656,-0.043000445285446796,-0.036529101286659545,-0.027345626809832893,-0.017567873061515995,-0.009311854572338494,-0.003365629895817651,0.00022225232394683728,0.0016757657332460013,0.001788250477675217,0.001761991953849535,0.0024907374357520575,0.0041759785532892255,0.006787714090799677,0.010521819413202297,0.015283824751645818,0.020009206348533325,0.02279371653088607,0.021960587518595018,0.017495597666314228,0.011469782719082304,0.007012610479611847,0.006647804892224245,0.010781220612930142,0.017462101131980903,0.02406450352120044,0.029161178479046094,0.0327449450303148,0.0354206196610352,0.03752497658021473,0.03869350602672893,0.038329899162367405,0.036542430990207826,0.0349632016951725,0.036321730744186126,0.04205240592393395,0.05021860846131134,0.05631017373193481,0.05616073110157516,0.04851540682623959,0.03563846184947728,0.021826911799615798,0.011332381676695289,0.007019442761250182,0.009274100988749997,0.015701364101709754,0.022847783494106412,0.02836998608682327,0.03178855861517653,0.03378901401153678,0.03462061905537748,0.03328388265314611,0.029024992397546856,0.02402907411799603,0.02491240410223903,0.04115214495038522,0.07978365273808131,0.13876932277906867,0.20347799504506744,0.24954083993469545,0.2522360213917313,0.1970257214685512,0.08413508372324037,-0.07316106620260629,-0.25177643284772433,-0.42150928835163626,-0.5488906219848186,-0.6047564792406048,-0.57521678534669,-0.47019679790857793,-0.3219282179987574,-0.1717827622841833,-0.053234794558589295,0.019290687006536286,0.0512454951941637,0.05905342451967302,0.05813827056051434,0.05662775013192176,0.056054868444935624,0.0548516388854175,0.05168347246354174,0.04699265834032691,0.042285903088114446,0
-0.5765508897844971,-0.6834512282373069,-0.6570674599737438,-0.5503225803106329,-0.41913023070232575,-0.2951672898435017,-0.1840144931664861,-0.08009678451827384,0.02100471131447037,0.12012831649631814,0.21561199601232195,0.30404821871780763,0.38307870520213216,0.4576437557941799,0.5447822235307321,0.6654794422336161,0.819448682129865,0.961633191228955,1.0079503397670382,0.8772625645109854,0.54651487393686,0.07948081335282531,-0.39747462863676425,-0.7607099735410799,-0.9511560745183779,-0.9911481518183509,-0.9505524419674223,-0.8932311951013077,-0.8439500479045527,-0.7931250288271842,-0.7239756592483538,-0.633457214649787,-0.5326127008342161,-0.43427250129273826,-0.3438479837830396,-0.2597193477560969,-0.17820812430691974,-0.09695024975563418,-0.015811485885890597,0.06388274971040563,0.14132834722921023,0.2169383179287941,0.2903877405389352,0.3592788359783279,0.42171073834572537,0.4829472894629357,0.5612726502936892,0.6799647451911126,0.8402398758724683,0.9954781493535783,1.0570917772116408,0.9411600863989404,0.6289242515325062,0.19709386255636346,-0.2088539498976264,-0.4479562679696166,-0.45696958167934776,-0.2739883501931003,-0.003142215271019974,0.24745020733453751,0.411511974578479,0.470993417070135,0.4376138871665494,0.3394784533554455,0.21792707351630314,0.11986560438375228,0.07906389555125241,0.09728358981366537,0.14306028684091515,0.1721497037906699,0.1546511173377059,0.09013520638764591,0.0023713967688519313,-0.08019920347061134,-0.1429619892980543,-0.18967880971025303,-0.23201439562806592,-0.2750749371596822,-0.31156211363051195,-0.3274233046124904,-0.3125332620930717,-0.26886518831946704,-0.21212619525341156,-0.1659416001628474,-0.1506094379622183,-0.17268375639555583,-0.2221623014052279,-0.2783290817377915,-0.3205392650693821,-0.33814784146711463,-0.3330707659445831,-0.3140032454146893,-0.2893501264161487,-0.26471675463603705,-0.24342705819304322,-0.22667125667267013,-0.2126300760634007,-0.19561415132328783,-0.1671951367447655,-0.12089800142906777,-0.05839927583763948,0.00833068269063271,0.0632763450283054,0.09859063936299385,0.12356033993428632,0.16239668861504247,0.2395691113526145,0.3591289392127441,0.4925268204300687,0.5872858450924764,0.5939501184568244,0.4950304715395023,0.3174549697356156,0.12002258206638597,-0.03683527199204577,-0.12015534940469222,-0.1345378687890914,-0.10964090957909295,-0.07731658015952263,-0.05487393095368633,-0.04329925728252254,-0.036978835789557865,-0.03256313085694503,-0.02801790940207383,-0.016661810322530002,0.013354841171396084,0.07192695442153929,0.15734341797858162,0.25078292586347095,0.32044602870597577,0.334852314830324,0.27708874615941437,0.1501975236373682,-0.02769774842886775,-0.23073533574239186,-0.4292641259956836,-0.5916908509928982,-0.6876141448903536,-0.6943365205474307,-0.6065845760337107,-0.44447163981086285,-0.25112632074905183,-0.0766528826471642,0.042837411357819266,0.09760111024915163,0.10197884938406214,0.08148118111868263,0.05896522036615556,0.0473237499562043,0.048975901515671716,0.05908570611220768,0.06996204343130905,0.07520045381260068,0.07260439954357698,0.06466324851891678,0.05622710373847725,0.05104494585720151,0.0497678371244089,0.05063413470459266,0.051538153996960726,0.05156324484654104,0.05125978677400583,0
0.05134006748146567,0.05419797686325052,0.05112284510682723,0.041541465210635425,0.028264603635769096,0.015817137141491307,0.007361054577642996,0.0028259177118261543,-0.0002968149828478433,-0.003268569068833517,-0.002664005726123561,0.007843546685265617,0.03083433043898506,0.06039369053286194,0.0839560737363253,0.08925688935366873,0.07302582427281798,0.04656501819286616,0.03205908314212721,0.050186457087945904,0.10725648789443677,0.18903484001607765,0.26431172953480153,0.2973746330111512,0.26269495133100035,0.15350921408091206,-0.017598686147873077,-0.22305356053518963,-0.42713451210972936,-0.5941077200859652,-0.6968148172985098,-0.7238482795706624,-0.682466438964112,-0.5949327998286302,-0.4889098460429356,-0.38682143853820905,-0.2994717070862193,-0.22646378725459507,-0.16175202449401868,-0.09913478403407668,-0.034877169873640715,0.03178175087263087,0.09916989018750354,0.16392893486593307,0.22243691408631647,0.2744230316816565,0.32715526426489794,0.39376615532729325,0.4815465807694487,0.5770161582285889,0.6420057939044354,0.6300343539506242,0.5170032236432509,0.32380618383699583,0.10993540389067342,-0.05870373957512057,-0.1441943740943405,-0.1512297575902175,-0.11529348496985384,-0.07568517022856165,-0.05356242573768847,-0.048124880627232774,-0.048500237878060494,-0.04691271578429473,-0.04190348527372158,-0.03441689789118342,-0.024873380541712783,-0.013597267128376007,-0.0018906038475765864,0.008504996332579201,0.016497120867079485,0.021810776552503804,0.02480460896887756,0.026562519632726673,0.028494976708224852,0.03105992861728453,0.033236141116086845,0.033573657422516265,0.03122116259446619,0.026086237008719645,0.018829650943625237,0.010818413254689251,0.0034508925555853855,-0.002647768901748608,-0.00744566852465983,-0.011126896463737311,-0.014562524929717055,-0.01928879631435155,-0.02609264491696301,-0.03386250764733105,-0.04029007604774028,-0.04397581748595847,-0.04582121921539272,-0.0479094406043435,-0.051225024551814796,-0.054974094521098846,-0.05768367145463171,-0.058623108114395917,-0.05835026149062346,-0.057973428485884534,-0.05809117194165858,-0.05832646121427958,-0.05750939699085409,-0.05442934439371209,-0.04872580530203579,-0.041394414304865824,-0.034422040581781076,-0.02932502510311688,-0.026024261691420393,-0.02337890893792513,-0.020374769515523503,-0.016967737851962365,-0.01428225440439566,-0.013479730337188056,-0.014239184340862604,-0.014694918444725539,-0.012911279045254105,-0.00874143776696207,-0.004071751444797551,-0.0008782161479424181,0.0002490363660567485,-0.000328695972495463,-0.002113031261866214,-0.004787679352081083,-0.007972047986926259,-0.010683185175342828,-0.011743745276187701,-0.01074430564473897,-0.008337705214604058,-0.0061868153363721584,-0.006003728083371434,-0.007493607658747412,-0.00775865845859991,-0.003325502255141266,0.006805501629481702,0.01941358681512207,0.029035002135357493,0.03271410012037721,0.032504816231650316,0.033192791042175804,0.03803325606281774,0.0460701131117912,0.05277583564573612,0.05387101510452076,0.04937824535457175,0.04427046114469496,0.0449324360566535,0.05435250055115575,0.07010290648917805,0.0859943751639874,0.09544816942710824,0.09487492703157197,0.08548220129915617,0.0723050216986284,0.06106561346649646,0.055187621034495586,0.05498030516222754,0.0587648263910706,0.06459931900163073,0.07134082864240077,0.07846871156390405,0.08571712135175484,0
0.03370283490832081,0.025965178330799216,0.02071627885340668,0.019082024763098265,0.02588943408036596,0.05126392218393402,0.10470884569477044,0.18416590665414428,0.26991599893482476,0.32955754564013473,0.33152977636007985,0.25919724504972924,0.11703754034768533,-0.07335766641153228,-0.2810647779082065,-0.4707081007468754,-0.6060216475187612,-0.6575626356896123,-0.6141778893869936,-0.4907614727274284,-0.325122545813229,-0.16362068111168115,-0.04258138088649456,0.024119900367150213,0.04449437861949497,0.03768618641568472,0.02212880324707332,0.009161310151497175,0.002553403443359234,0.00030380187191313135,-0.003483182759055972,-0.015329306992376793,-0.03813628361194482,-0.06903077887171814,-0.10038509771707377,-0.12240773538875224,-0.12624997798672907,-0.10758366149150282,-0.06898908720459268,-0.018914800364020164,0.03291625320944297,0.08079043548372195,0.12434670046841843,0.16531201343451157,0.2045316835150141,0.24289269067068928,0.2846388822763534,0.338199074823736,0.40940124540469114,0.4883081677980866,0.5411548750846766,0.5200426742862267,0.39031228003993157,0.15887997577756002,-0.11907333183365573,-0.3640126113685044,-0.5119727078887558,-0.5439569920185992,-0.487377819840085,-0.3924799101754042,-0.3022666750208809,-0.2354306506753664,-0.1887201061664426,-0.15028520189307518,-0.11159419442110789,-0.07139272111807556,-0.03288890433337036,0.00037757376778378357,0.026456884714906984,0.0453561951050009,0.058660817498367414,0.0683258975307274,0.07595700845812253,0.08323009899353807,0.09182478973644925,0.10221028312637313,0.11298303663316975,0.12179513883930407,0.1266166578503972,0.12625193746789565,0.12038948285341902,0.10962522047323145,0.09546555480191628,0.07983712457676824,0.06421219111303964,0.04922767588247131,0.03483799527676142,0.020285333755628375,0.00402212629148145,-0.015533359080241903,-0.038706291552468054,-0.06411582486853674,-0.0895250876119249,-0.11324313536786905,-0.13458525097153998,-0.15309452856448014,-0.1685418951816204,-0.1819094833265929,-0.1949938048436345,-0.2089121395460188,-0.2237495218630154,-0.23881381092401627,-0.2524484868105945,-0.2626919446142114,-0.2686433733192127,-0.2705277851654102,-0.2687401382102891,-0.2634836730576799,-0.2551125736885086,-0.24427073451913567,-0.23140791571034366,-0.21651183377084182,-0.19944631124612172,-0.17980378778071873,-0.15646434183516408,-0.12836631313407762,-0.09572070288281583,-0.05976681002010717,-0.021804991649953476,0.01711070622362252,0.056341231969301825,0.09595369811274077,0.13654545738825627,0.17890287135690938,0.2241159449811898,0.27339052845434464,0.3271375326409713,0.3845771275256407,0.44427067153455907,0.5048396727467809,0.5654848533695717,0.6265331879104897,0.6897061860638841,0.7566913030070641,0.8267454221213324,0.8962296912510774,0.9601510332817971,1.0131463978250779,1.0492108316269526,1.06255245738751,1.0511883220602245,1.0202879543506698,0.9807300730014455,0.94259347303716,0.9077393319010987,0.8664645242079076,0.8004902360566841,0.6902397101334995,0.5230631043733915,0.29967186514485333,0.03520327198741777,-0.24538699909993825,-0.5124582668751293,-0.7352707303277422,-0.887545784215033,-0.9570852624600781,-0.9565534878195905,-0.9270140658211055,-0.9252014050003893,-0.9955349552475146,-1.142254831664459,-1.3222204957407628,0
0.001311109175513323,0.0008960364868138369,0.0008609805215492594,0.0016120857529728135,0.00281417489083134,0.0040341670573408005,0.005102977607695759,0.006010190252164374,0.0067571069987537235,0.007372088361884886,0.008083429520875856,0.00941568539927265,0.011723765896241488,0.014345472221618862,0.0158013523838883,0.015428366140382758,0.014485463038538413,0.015030595671636325,0.017815377603410277,0.021779042018821325,0.024976650833965133,0.02559926909516301,0.023138306230541555,0.01882991766801616,0.014696678564868539,0.012276843344451565,0.011676827966779903,0.011512059525710997,0.010147854046476614,0.0065672142540533236,5.05102128632493e-05,-0.009744515003975534,-0.022198158722639326,-0.035239477103710545,-0.04499981225052666,-0.04743652691961476,-0.04193287888297227,-0.032813687785853966,-0.026500329734584133,-0.026469140836090994,-0.029757590480333447,-0.027826928907617773,-0.011669492706897969,0.02268474220213349,0.07383082290242962,0.14066938682764638,0.22618499396303549,0.3320087526849985,0.44637822833547997,0.535960674835504,0.5531689939097354,0.4597648853278963,0.2516938805647804,-0.032592472819471474,-0.3260751670766007,-0.560235825814605,-0.6894461215626718,-0.7019943251384435,-0.616900686008209,-0.4718067771216337,-0.30903491040522735,-0.16499496433345645,-0.062592934019873,-0.006164802261468198,0.01604539567000992,0.02103936957646063,0.0209245665713583,0.020662345371705082,0.02129496960976712,0.022736524187509946,0.024289496616672363,0.02509516192555303,0.02525273928388346,0.025766329125433654,0.027281798789472424,0.02951300786740585,0.03150924566429991,0.031967011683989105,0.029865789754726885,0.025412487055126713,0.020440362582254505,0.017510328618053562,0.018294927398698077,0.022973070771278706,0.03062295095567519,0.03938320708532703,0.04676681686445837,0.05088942434013406,0.05181736968592822,0.05159375847258081,0.052828272599055585,0.05715189274773626,0.06454719571453879,0.073652600355408,0.08273050376371645,0.09042305613342551,0.0957798782600054,0.09827255247117093,0.09783038114073575,0.09470665033643987,0.08943924560172452,0.08250965530359285,0.07420696017530057,0.06506076651371827,0.055836284093231485,0.047218128175722796,0.03978528509563821,0.03363868471295994,0.02762135658893056,0.01987047562306407,0.009956661647101166,-0.00036939326356965826,-0.009032936260143051,-0.015325494275224533,-0.019923141950214395,-0.024455059171774214,-0.030533414113028342,-0.038197974441104864,-0.04599055738663198,-0.05254456698159664,-0.05725116363148619,-0.06003188670037586,-0.06103215435295917,-0.0602404515475955,-0.05778011213930895,-0.0545888176441502,-0.052003534440070234,-0.05072626431603566,-0.05071971430348176,-0.051505574610200104,-0.05208634180103653,-0.05141134163532786,-0.04900012975938197,-0.04472334127138231,-0.03882069072770736,-0.0323634034961843,-0.02670700296547484,-0.022310928572697536,-0.01858811980588023,-0.014700640631751076,-0.01034091984174126,-0.005978777626306248,-0.002289364363190745,0.00034080327335772424,0.001773869372169232,0.0022581208986955006,0.002309875996540333,0.0020674601171034746,0.0010405472313657106,-0.0011544990134885712,-0.003593568477830004,-0.004137414942615835,-0.0012259040056677648,0.004717069966050566,0.011334242273459007,0.015477917368289344,0.01502508795368412,0.009953794261545443,0.0019432120384566985,-0.006465553144477911,-0.012932275030635104,-0.01655322392406078,0
-0.23573396957583265,-0.24271479218068165,-0.2504897492859786,-0.2593888544772554,-0.2690114827588933,-0.2780573327806558,-0.28497917497411923,-0.2886813218190114,-0.2888384500553898,-0.2861043954103435,-0.28180381044222585,-0.2771768326982293,-0.27264823498683927,-0.2676929990852578,-0.26151162009486284,-0.25331440856102344,-0.24191914702852496,-0.22616919829166615,-0.20582827464636036,-0.18148426937422943,-0.154164128694803,-0.12532722009961814,-0.09619633402768478,-0.06645108519931889,-0.03396487104778578,0.003914824106546691,0.04887249563202496,0.1011136126796356,0.15997203108691999,0.22489791625911038,0.2955526851412761,0.3710696637946024,0.4501565370620666,0.532050681896806,0.617001404402391,0.706118268063782,0.8009523124982963,0.9030121791247905,1.0132039957418175,1.131279653393507,1.2558009995988089,1.384854761947506,1.5162259839667076,1.6455278005525844,1.7656483596556314,1.8750118295050127,1.995921491618028,2.1840410837857305,2.4930730488339545,2.891100846238017,3.1977684669024677,3.128008248665135,2.4489142345651875,1.154591481572781,-0.4726060266200334,-1.9785633448920392,-2.96681008580679,-3.2899501564193945,-3.081357441594819,-2.6254952536433893,-2.1765798095368147,-1.8510818121555381,-1.6416872375164349,-1.5014191077911165,-1.407626033905079,-1.3656906571348788,-1.382624183508687,-1.4489802517221089,-1.5361838235673315,-1.6023924834981784,-1.604308093074631,-1.5138973391557182,-1.332598312127972,-1.0927786667172819,-0.843965014086368,-0.6310741984070045,-0.47688019334477694,-0.37864981357068084,-0.3183753364734809,-0.2766948677581077,-0.2414179797516401,-0.20846771500076478,-0.17838092182655646,-0.1531708362810021,-0.13522786174331214,-0.12554296530592168,-0.12072780842214559,-0.11257551062665283,-0.09164710197569872,-0.05210552138857866,0.005367466692043715,0.07391747916223931,0.14393266245130243,0.2079464852689824,0.2637216511849537,0.3132492512558731,0.35953209024806065,0.4046179123356373,0.44968841159525874,0.4951623617100727,0.540208940014607,0.5835431514055928,0.6248743174725038,0.6648068077060345,0.704173092212348,0.7439161714080692,0.7845366545538462,0.8249117561847513,0.8617285113006643,0.893288357947696,0.9295142765204993,0.9953198694101804,1.1096295876013305,1.2499054781142274,1.3384337023585402,1.2742678314115703,0.9972781354267293,0.5399132040389015,0.023825618898012352,-0.40250475271699093,-0.6434872673986132,-0.6988980874508239,-0.64413082656506,-0.5703524787982518,-0.5316692600464168,-0.5318442462931927,-0.5484689345475912,-0.5641296207133644,-0.5757212942737518,-0.5849060541706455,-0.5909481947773343,-0.5926219026519566,-0.591101246041463,-0.5885090790159455,-0.583948296843672,-0.5711560248919859,-0.540481300830022,-0.4841976198356999,-0.40137839649229373,-0.2989128090352003,-0.18801994611303932,-0.07897573356862585,0.022805179592461658,0.11770897014077086,0.20915692489807797,0.2991463037543909,0.38610472358104087,0.4667304655857961,0.5423359354913654,0.6268709623635393,0.7434624836126656,0.9005471663677539,1.064321090099538,1.1568389381645594,1.0920265337754897,0.8323060554964484,0.42610980544208976,-0.007177494138449649,-0.3394433868354778,-0.5009555843935531,-0.5072991276298572,-0.43201497052002075,0
-0.14368188159144302,-0.6862319457339016,-1.0811883428353468,-1.2452734913677141,-1.2027635165994068,-1.0514998006748073,-0.8940952222947581,-0.7842816234634745,-0.7190477752269229,-0.6698591584988921,-0.6164860636773531,-0.5556495356454279,-0.49193938410034244,-0.4298468407202139,-0.37155051698089325,-0.3169855507793359,-0.264487967736835,-0.21238284859330595,-0.1603685593797595,-0.10822452487151993,-0.052713717252945505,0.012430812001126536,0.08959474196462758,0.16767558506781216,0.2206267466110829,0.21982101150715272,0.15404754435674822,0.0429094268012911,-0.06864708841056733,-0.13382033773393903,-0.12942248489954095,-0.0650457225845556,0.028284889376043353,0.1193720905277571,0.19324170775535043,0.25273230908535954,0.30771084586608594,0.36484172833805323,0.42601366271440844,0.4911418063796756,0.5594211506933253,0.6292694096212142,0.6983555583970175,0.7637034855199909,0.8235229900033909,0.8825038286801836,0.9562220960741162,1.0644075649154654,1.2085706433369712,1.3472355369703828,1.3944579089197302,1.2558027754262184,0.885940062756384,0.32959619472178403,-0.2868702008963044,-0.81299297177416,-1.145004412125918,-1.2659166527182015,-1.23461010309739,-1.1383587539671123,-1.0436986649478466,-0.9748413093404296,-0.9232288314538717,-0.8696344615627665,-0.799878158987932,-0.7088075745955049,-0.5978876184983083,-0.4725876629429901,-0.34093786124898234,-0.21163027236681997,-0.09086782398530391,0.019932040382553848,0.1228448833482443,0.21965170857018285,0.30829708820113355,0.37946557843647505,0.4154150247996659,0.39674388062827615,0.3154996886113236,0.1854559075904612,0.0434600524241837,-0.06016771661553587,-0.08218082607543324,-0.009968646683361258,0.12643741599815547,0.263511203159294,0.3318399557513395,0.28778593347627845,0.13181260834281475,-0.09536858409841778,-0.3340528401978084,-0.5299679779882891,-0.6497072762905546,-0.6844560171787262,-0.6454303772573247,-0.5555142523273173,-0.4405560686478265,-0.32207669058086635,-0.21276432117245866,-0.11615568409978103,-0.030152577334493655,0.04835791702711127,0.12208343468230476,0.19658559018186506,0.28134404130588414,0.3810070108048761,0.4822255343446813,0.5506527358123882,0.5460926201865197,0.4483811119896032,0.2758395071949258,0.08078757340819062,-0.07819350400499248,-0.1685395064079096,-0.19679640887437222,-0.19522172618387768,-0.19592417944883844,-0.2131599826426287,-0.24317048231398436,-0.2750453478790305,-0.2995639366103317,-0.3102036078223871,-0.30137600666132425,-0.2696549559103538,-0.21715448000811974,-0.15213690162508703,-0.08456256981800771,-0.020617717469849257,0.038836616343889484,0.09529941539232192,0.14799990417729453,0.19304470508619187,0.23074387501913218,0.27511352106741005,0.3488367434617574,0.45814438518315775,0.5682412675643346,0.6064844444243934,0.501048080786706,0.2336774146500502,-0.13351425935287764,-0.4828696761725998,-0.7042654271239976,-0.7537093192924113,-0.6674983862586221,-0.5261021479563072,-0.39955038823920724,-0.31432306690032014,-0.2585747418850857,-0.20991243912789004,-0.15604302596028824,-0.09647994910704533,-0.035375899058959354,0.023885392324354153,0.0800957472851151,0.13376850078030206,0.18646678783754872,0.23992041880610165,0.29546778601250867,0.35369082439887267,0.4140205640057084,0.4753910589767671,0
0.0016379697445891104,-0.008155909631118733,-0.01400748997149762,-0.01734401608608333,-0.020218308948509088,-0.024060937610315036,-0.029475481716609648,-0.03695154054827704,-0.046636294306043685,-0.05762400994976737,-0.06835900818559346,-0.07764847168774182,-0.08513678114757421,-0.09165117861936015,-0.0990693159125295,-0.10893580552778517,-0.12182397397556985,-0.13809506859390194,-0.1576159492224209,-0.17910599716827652,-0.20155694285565043,-0.22606964812876634,-0.2549685852008857,-0.2882377572443155,-0.3204046885917235,-0.3413305161570224,-0.34080182467093423,-0.31359968326445314,-0.2623393818792596,-0.19622904893850637,-0.1262236838673802,-0.06041625671047496,-0.0018344135003563848,0.05125540600571219,0.10243840167530902,0.1542491870386433,0.20784899398099804,0.2635390483644997,0.32068933549337875,0.37830901133501116,0.4357159168580579,0.4922043859912136,0.546779779852314,0.597930002040641,0.6438263131547013,0.6868054628728671,0.7409980584211523,0.8301506795959425,0.964843373386587,1.1123821241629388,1.1910210171708469,1.10585796652687,0.8098684966610517,0.3481952442783398,-0.15212630177550315,-0.5463206826678166,-0.7475801175185048,-0.7638422651931516,-0.6743082247402492,-0.5692378576633649,-0.49984021357875985,-0.46820902338238973,-0.45179377312575103,-0.4324262256662321,-0.40591705840514564,-0.37572602539253697,-0.3459869655205359,-0.3189514517694358,-0.29509071889511135,-0.2741818589731497,-0.25548962272675096,-0.23735874314240707,-0.21806145680820976,-0.19723818212032695,-0.17616586078968263,-0.15669720093007833,-0.14005045051733775,-0.1263272895952878,-0.11430033767797577,-0.1015458260069577,-0.08580595307530198,-0.06698850298640738,-0.04766377157106005,-0.031085873946132596,-0.01877232907361187,-0.009539438104017722,-3.8211141170550744e-05,0.012911696803537258,0.029412244207147074,0.04621605609067563,0.05929601817485265,0.06666993372019639,0.06992335785931181,0.07298326643438546,0.07848778152598271,0.0855719425566725,0.09084501320508967,0.090882591545042,0.08449867121768256,0.07337562789131814,0.06084260873775574,0.05001467780186428,0.042522271760511376,0.038737470444158484,0.03859366345636682,0.04146457803558604,0.04591424810212628,0.050184430538101864,0.052725185367993165,0.05256563660886409,0.04966806487888815,0.04547836576629263,0.04414268471904255,0.05311496506884553,0.08109524332112958,0.13335678876672238,0.20592003393755484,0.28197468553910493,0.33563276669349684,0.34220112316554396,0.28700407646316817,0.1686259539385113,-0.0009315238541454237,-0.19740547050980597,-0.3869797100495339,-0.5316076838101081,-0.5987425929190769,-0.573658068438111,-0.4675120053697751,-0.31497519178095,-0.16079414579151852,-0.04132416298470019,0.02860974486847322,0.05595842612935015,0.058731824725304485,0.05363540119036517,0.04958690321491637,0.048018519028512494,0.046942198648437135,0.04480459851402972,0.04155975239895341,0.03791485380045283,0.03481519749331947,0.03315560252836883,0.03303484597013749,0.03351842484415145,0.03359766257302991,0.03280638191910467,0.030994755180785375,0.028368262910193766,0.025534945508379266,0.023207606657540507,0.02195889410742925,0.022185859292260253,0.02443238271747109,0.02906055636099519,0.03476366833619654,0.03861641545987148,0.038815277287148266,0.036742879973587564,0.03593940545259869,0.0394374137745425,0
-0.03570657486527211,-0.049162733296848005,-0.06359285670861445,-0.07736246987994554,-0.0894723540334939,-0.10000599719932105,-0.10971810398138382,-0.11911210080101828,-0.12835714796974657,-0.13832434336007562,-0.1507295004134407,-0.16624122637611377,-0.18291878766724393,-0.19769251929202677,-0.20930856948288673,-0.21929371643527582,-0.23084066346610127,-0.24733388598978837,-0.2708421804769953,-0.3005965218103858,-0.3321469186328428,-0.3577574528446982,-0.3687328406587328,-0.35903535282388116,-0.3276079128037173,-0.27847465270950955,-0.21907406021642292,-0.15693133062101167,-0.09661613652757212,-0.03949852989363745,0.014588719014138836,0.0661156218199657,0.11531733476358719,0.1623426795672175,0.20820397379381483,0.2548250506843408,0.3036140809805219,0.35473198346837725,0.4077268775678565,0.4621282507929013,0.5176576435523411,0.5741607720715438,0.6302956190256359,0.6817296181064407,0.7231904720647668,0.7582521308732474,0.810720592518913,0.9160887935288046,1.0819652219488047,1.2478337097420402,1.2915115435799032,1.0953835579770954,0.6334312380215489,0.013031074566819019,-0.5694376485768429,-0.9358900876684484,-1.022561682566117,-0.898530688077346,-0.7021796530616604,-0.5499182458614427,-0.4809819258972387,-0.4671857607466653,-0.46351842164555124,-0.44674651614676447,-0.4176422041445512,-0.38540009833331224,-0.35645784387841634,-0.3320219623501103,-0.3100429151089049,-0.2879757405367792,-0.26466937215330344,-0.24052025177581687,-0.21620285109333218,-0.19188147220786395,-0.1677584316040408,-0.1445589664203908,-0.12306490639671659,-0.10356434736185273,-0.08607168795145974,-0.07054929029675298,-0.05629445461574416,-0.041737517607964826,-0.025504494320710787,-0.007524094382159674,0.010911352649895928,0.028150870951419153,0.043284278468847436,0.05634723391085291,0.06797743458754917,0.0789344156826324,0.08954928873908827,0.0995627060236034,0.10856711168861076,0.116532384353067,0.12352740260111884,0.12907409417148458,0.13234274695855192,0.13279218535160126,0.13041795403013084,0.1257693433579163,0.11976759347178374,0.11316247191877937,0.1062845843506313,0.09917649170597709,0.09141726918480494,0.08231319440788616,0.07144889917427279,0.05859844604678696,0.04381696472780936,0.02800022509497982,0.012659560581597954,-0.0007872887810283901,-0.011358890323910945,-0.01894139416046641,-0.02442350984434665,-0.029060822778454835,-0.03386248056433925,-0.03914714546006986,-0.04463876826375052,-0.04998311527566427,-0.05453284241396226,-0.057265152806010786,-0.05752084914717391,-0.05538343569995595,-0.05135322451785469,-0.04608276310962853,-0.040679242785600804,-0.03664463288782459,-0.03468908254562659,-0.03384177230002595,-0.03224407415833237,-0.02880151324973327,-0.02382560118037016,-0.01822300567590495,-0.012676066854877405,-0.0077750649390708765,-0.004302316946176609,-0.002846933116839703,-0.0034132472007435003,-0.005500058308522848,-0.00801704371916605,-0.00944920377708628,-0.00887283292023865,-0.006604605986280639,-0.0037229040812276,-0.0014931652330714123,-0.001065156373688837,-0.002658733029841688,-0.004762328657245647,-0.004914664112368001,-0.0016356474137847448,0.004719103621971868,0.012748765377175411,0.021108983674350712,0.028965109187682435,0.03600807117485658,0.042400375641890045,0.048205734909265774,0.05268900308302767,0.05470936810339571,0.05396444969457291,0.052026876970381435,0
-0.38257070851123626,-0.33705285754951714,-0.29871071228162144,-0.26426183228514066,-0.23066544037264955,-0.19694772280448214,-0.1644738959737043,-0.13529561713270166,-0.11110052969744424,-0.09288601205304711,-0.0802004447804106,-0.07096812717261371,-0.06260751079857982,-0.05328577957736966,-0.0423226036435731,-0.03001590598262726,-0.017423196962062633,-0.006053738243178709,0.0027270715962477016,0.008697986656637464,0.01359263771563761,0.020441259218939103,0.031657007427088844,0.047923184271290206,0.06849740454424111,0.09172681633035715,0.11569929030782196,0.1392970560814871,0.16284491993643507,0.18769055649718405,0.21542090051219498,0.24764315942623855,0.285661836422212,0.32996593540312924,0.3801490965087288,0.43466634351324956,0.4909908205270614,0.5471329773559951,0.6029450682386354,0.6599685284498522,0.7207300890498588,0.7876728069351681,0.8606096699645697,0.9333928092607309,0.9958167677755563,1.0492140369197003,1.1263233611690502,1.2787633740708453,1.5173822569092332,1.754692424056288,1.8161509733544579,1.5374583061136624,0.8925494310921288,0.05039845035901491,-0.7040837383837544,-1.1392570845966543,-1.2110637884445246,-1.065205358346628,-0.914725162714374,-0.8924145886317327,-0.9862869429752557,-1.0924789294756907,-1.1219235845086262,-1.0612720005094503,-0.9542527105507712,-0.8503832522851476,-0.7725618317414408,-0.7160543033514948,-0.665451338444597,-0.610104645604195,-0.5480374780611148,-0.4823583117728014,-0.41744337240943236,-0.35684380314848535,-0.3022329696072544,-0.2533870270058103,-0.2090765806221787,-0.16828883308373305,-0.13093748032978347,-0.09689636445163724,-0.06305796681497985,-0.021497538992545362,0.036990964223536066,0.11501937070881335,0.20234121545395686,0.27610731567694924,0.30869001557358206,0.2796699721779791,0.18465506201756546,0.03597995540439761,-0.14199623701557584,-0.3179818809380918,-0.45806053006981845,-0.5313615492730924,-0.5190165555461332,-0.42353757386970475,-0.2715454224185971,-0.10536605523508884,0.03369609638367886,0.12123760276530485,0.15587602578193155,0.15367885801084122,0.1355993663366178,0.11602188914168671,0.09928500203712094,0.08367703956314763,0.06683572714678152,0.04841081066915942,0.029613688683903863,0.011541114281197272,-0.005520823252839306,-0.022106660640348177,-0.03964642050929959,-0.05936900589070514,-0.08018929463129582,-0.097772522906877,-0.10590903280568353,-0.09951393407436959,-0.07728523419232149,-0.042109269679858376,0.0007913510806292073,0.046228880717265025,0.09095719737057274,0.13459191629624628,0.1784074720058202,0.2231277624565192,0.26827501670100873,0.31320366539952416,0.3579470253043768,0.4030093437884074,0.4483239192782198,0.4912275231675183,0.5264283235643653,0.5525021520544524,0.5795808433139702,0.6243921608535128,0.6903973524000284,0.7508111361353809,0.7538428793906234,0.6515803865478748,0.4348298095147516,0.14849907249241456,-0.12711391143596534,-0.31883808497008437,-0.3978286916218918,-0.3867677541267361,-0.3362043355661608,-0.29060118688080805,-0.26770249695290704,-0.261512969594197,-0.25939521968416523,-0.2545896854564209,-0.2468581972916695,-0.23808098310490228,-0.22956615108313805,-0.22170302170957976,-0.21430665347762087,-0.20674473594746623,-0.1981518456466478,-0.18816229244731722,-0.17733701083794476,-0.166471146569098,0
0.21334735232755014,0.273402206351251,0.3333833878233158,0.3986228277221252,0.4716997824908768,0.544153842888569,0.5935765868568216,0.5913606340662819,0.5185616392062824,0.3801969195578561,0.20723201673571323,0.0433443928748035,-0.07550978927779478,-0.13630538164111053,-0.1503499195030916,-0.14152493334820668,-0.13072375169964384,-0.12709372714836015,-0.1297796507484986,-0.13456969092969334,-0.13820913398214899,-0.13948092478738278,-0.13878606565711943,-0.13674306707769368,-0.13329634882695626,-0.12837463993901543,-0.12240913957029942,-0.11572348645226203,-0.10833006967590333,-0.10033663249325128,-0.09194567715409226,-0.08336995750438003,-0.07491789519598589,-0.06676422978459579,-0.05863636477950017,-0.05048425132536908,-0.043778016799811546,-0.04144575090328106,-0.04552310084303071,-0.05382795249577829,-0.05857696480976104,-0.04907051768227422,-0.01708273736766829,0.03872073402475488,0.11191838529356186,0.19286332582455668,0.2774811450658378,0.3708832995087978,0.4775122327292257,0.5845447751656653,0.655254699078409,0.6435011554148936,0.522967015034773,0.30921933694829185,0.056948903587836566,-0.16584922693023985,-0.3107368607044928,-0.3694970462754618,-0.3702121157699687,-0.3530964843989175,-0.3446590072467223,-0.3472735344953434,-0.34649451787799007,-0.325224885596805,-0.27427809772403133,-0.19653944215974997,-0.10473987140944578,-0.013246920114712589,0.07253259426518628,0.16086599702123183,0.2641241891777613,0.37902351145393703,0.474944683407958,0.504584744700338,0.4334209177943176,0.26773328424066456,0.05808315712404216,-0.1265328701739524,-0.2355109059408492,-0.25977642970523657,-0.22814960851331736,-0.18245279691877475,-0.15060416900017684,-0.13643442371502823,-0.12954652291742777,-0.12099767413289347,-0.10934787595604885,-0.09704945332524238,-0.08647611666345394,-0.07867980261061853,-0.07284747221317128,-0.06689081206467956,-0.059375938761083796,-0.05049648747495771,-0.04133999948600995,-0.03301669902972761,-0.026374684886504372,-0.021784324194189252,-0.01883536708162676,-0.01618082591270381,-0.01239520056100721,-0.007570899385038354,-0.003096463624247127,0.00030195203936374607,0.0032535386262526576,0.006584185813146343,0.010157341907911434,0.013232284757791181,0.01565976206783303,0.017735765841063948,0.01915927251593734,0.019377788868159072,0.018418552433990223,0.016649593597975867,0.014762864647233071,0.013917210658514914,0.014724653318062834,0.016383719560379106,0.017502254274800916,0.017482611984468363,0.016655207197583143,0.015520314658060048,0.01446971374664555,0.01399563585195935,0.014494422722281696,0.015589080270920817,0.016132995033938384,0.01502515801932951,0.011778398872296342,0.007027653904578238,0.0027107797321797317,0.0006468218861722295,0.000991199516035597,0.0029087582001672855,0.005911131920604091,0.009659308847264809,0.013293207298458013,0.015642602698207827,0.0159803893397926,0.014358494455626153,0.01133564946568223,0.007844494453992887,0.004924693455413824,0.0030884562176339146,0.0023661314125876486,0.0026316278908989476,0.0032638780117453165,0.0032713858666004107,0.002272934440910763,0.0008082014804883463,-0.0002533647325414696,-0.00040093839989979995,8.912186145991778e-05,0.0006489906250328635,0.0012137658750620269,0.0018007957450361894,0.001987596496552533,0.0013798378641095342,-0.00031256446607813603,-0.0035288591652829744,-0.008134703191232454,-0.012849104004783705,0
-0.22084689649164244,-0.23722945526774547,-0.2521756568585607,-0.26403921711291106,-0.2721800213408029,-0.2769127512183233,-0.2793018178685661,-0.2808005805565026,-0.28266347963256194,-0.2851669018628834,-0.2872194646334298,-0.2870998080575387,-0.28346861318180316,-0.2755021459561252,-0.26290556260192377,-0.24633408461347314,-0.22736791407305196,-0.2076351939354632,-0.18763946255671007,-0.16661799377630102,-0.14338979476073085,-0.11655593430288602,-0.08438875211055753,-0.04547479901518504,0.0006928229439228015,0.05392814074240977,0.11364933770710496,0.1785663393772287,0.24694645531325765,0.3181215021865344,0.39311574097980306,0.47353172423970286,0.5605734408158133,0.6549082909040602,0.7566942517004425,0.8657685824946681,0.981579175243358,1.1027010654603655,1.2273709914149453,1.3551432544442756,1.4879236317986866,1.6291018966337742,1.780205125097022,1.9352607318228496,2.07669887974143,2.1859146655452486,2.2826226271185033,2.4602944336063564,2.8314506712528256,3.375094878702568,3.8279233765455336,3.760202351934629,2.8281024567161936,1.043198654714267,-1.1492503674625274,-3.0758690043223655,-4.201201829375856,-4.399277505385017,-3.9517613985973976,-3.3081339464352872,-2.8033497201884923,-2.5234585995146075,-2.3750288427401154,-2.244316436640859,-2.0851624987232786,-1.904511486918168,-1.7212297528094538,-1.5465325706633395,-1.3831031266033293,-1.2295960995142978,-1.0843091854848839,-0.9469092939068294,-0.8182948991914768,-0.6994391544492392,-0.5906018296440395,-0.4911334970659967,-0.3989839156237758,-0.3108422339456626,-0.22438452906424422,-0.14063872287511636,-0.06313768264821323,0.005256004828247451,0.06389271072555064,0.1136588715400958,0.15647845655866044,0.19511242773451498,0.231800953950077,0.2668146070263321,0.29897537632688875,0.32712277723321015,0.3507867792247816,0.37024767030270056,0.38620903301126175,0.39950801714488204,0.4110285481049439,0.4209867049447458,0.4284249372825286,0.4321066576707248,0.4317608344116063,0.42867284607991885,0.4252682709771912,0.4233918351915669,0.4226086663253476,0.42027242648626484,0.41327522766110597,0.4000665557498046,0.3814596225917663,0.3600745365961986,0.33892295354982055,0.3196187401802263,0.3014846184618378,0.2820674426364201,0.2587042107353741,0.23048761240975826,0.1988203484630859,0.16597911580697075,0.13362752669918457,0.10281741525691529,0.0747674779967747,0.05079780654944806,0.031518370404516,0.01656733436515516,0.004677377760680869,-0.0064481605805129585,-0.019218588216049194,-0.03398816976817581,-0.04824615496529244,-0.058583111527287596,-0.06331875546009805,-0.06340157720526787,-0.061369837528410104,-0.05957698240867783,-0.059112117091699896,-0.05983650163925655,-0.06073681942133935,-0.0604757478235696,-0.058237798487386826,-0.05413688002874911,-0.04910757362143045,-0.04425654931697408,-0.039917444489537116,-0.03573869881946708,-0.03169200324639603,-0.028427626065823892,-0.026644228845080935,-0.02668159509477083,-0.028680786692145053,-0.03204815509729604,-0.034618612705860516,-0.03350747258877214,-0.02724056436752946,-0.016938066682381604,-0.005622360913770846,0.0033625142834810525,0.007440747625022843,0.0056595834616711745,-0.00042796711067935806,-0.00733744174676156,-0.01158461789129751,-0.010950051355369868,-0.004860617951261578,0.005377055011837069,0
-0.05187969676693657,-0.05543531394261862,-0.06351486946501438,-0.06964666851640987,-0.06489523866955506,-0.04518572075817403,-0.016653903457608997,0.007029691653324659,0.013899866884759221,0.00234362834022097,-0.017097037671254534,-0.028663781431813792,-0.022358896556749115,-0.0001397028592028584,0.026917333212780156,0.04693835909158018,0.05471584851288623,0.05379521477574219,0.05238439453134579,0.05650156897144736,0.0657982561768379,0.07500425362734861,0.07890789031467249,0.0763072860942763,0.07049690677468116,0.06675883390469789,0.06834389600814661,0.0733914154034304,0.07552294922001583,0.06904609111901967,0.055292230187241234,0.043610003937252464,0.045680048197588585,0.06733497290179769,0.1025417756385765,0.13539484920337927,0.1512702613607761,0.14732389539141233,0.13161368170060653,0.109383001034302,0.06646856331337253,-0.0294510637948894,-0.1984801139662657,-0.41012747081692896,-0.5766339963872615,-0.5974314011326283,-0.4282243832521717,-0.11972139533086795,0.20784861290226034,0.4372098459361706,0.5187132938483537,0.48055825079270725,0.38676122266078616,0.28546992968225404,0.18889580328414468,0.09270030114022955,0.005695295798740639,-0.044864667048062204,-0.037842632278200256,0.01367800436564593,0.06321175346240501,0.06423439099168421,0.005303348333659124,-0.08272057219101724,-0.14981573714360047,-0.16135824968049686,-0.12009151012295172,-0.061198603074847875,-0.025209515735911,-0.030736039456482043,-0.06740977833412268,-0.1089934115757288,-0.1325486258698951,-0.13131858119908016,-0.1153160388230197,-0.101099269994386,-0.09958890536572478,-0.11074236209858725,-0.1261964483329044,-0.13585505051346403,-0.13462110389295298,-0.1251301234877216,-0.11418147474476954,-0.10613483666397934,-0.09920402463535372,-0.08773735515751524,-0.06774372277883983,-0.04054493424858014,-0.01241621742852371,0.009557435662799853,0.02247069718631002,0.028301896440560567,0.030332480771809143,0.030256962464591676,0.02795435847413284,0.022919723589941373,0.016484289011570927,0.012140760013876338,0.012443790897090346,0.01643744308487845,0.020986039317768455,0.024079562238871068,0.026482934850408358,0.03017572813056419,0.03518016254739992,0.038252340548177104,0.035484236824638964,0.02669514856431257,0.017508524984674756,0.01706234872276771,0.03227429553013155,0.062262671386367645,0.09751009435525584,0.1252071174788261,0.13674663255274166,0.131766918402388,0.11674312458308904,0.09985105641478424,0.08587452448837658,0.07458842097678622,0.06260484844756675,0.046428144128142015,0.025326191123312407,0.0030196721211032986,-0.013545161490773294,-0.018561172955213256,-0.01174942246642386,0.0007392901833195055,0.009984147215550028,0.010401506631337362,0.003382142342562299,-0.0046016237817930565,-0.007547391042729456,-0.004910258824830904,-0.0021746690421115475,-0.005743535344876585,-0.01603454923417189,-0.025783107994615532,-0.02535280643898992,-0.008826461210547941,0.02584021126641274,0.08095481747926898,0.15759233263876352,0.24563221609273442,0.31697158500729616,0.33178254676471786,0.2566932139383653,0.08644519047596025,-0.14448314409023916,-0.3699147640240282,-0.5174307377099698,-0.5401152465899624,-0.43901653415052,-0.26144174662073927,-0.07423953551243581,0.07033758820819509,0.1556249817048175,0.19688166654730233,0.21624251724959717,0.2168149119401656,0.1803428422655356,0.09253937720874805,0
